,id,targetphoto
2,AbuDhabi,monkeys/macaque_targetphotos/Abu_Dhabi.JPG
3,Amsterdam,monkeys/macaque_targetphotos/Amsterdam_2.JPG
4,Eiffel,monkeys/macaque_targetphotos/Eiffel4.JPG
5,Feliz,monkeys/macaque_targetphotos/Feliz_DSC_0538.JPG
6,Frodo,monkeys/macaque_targetphotos/Frodo_4.JPG
7,Hermiony,monkeys/macaque_targetphotos/Hermiony1.JPG
8,Hermiony,monkeys/macaque_targetphotos/Hermiony6.JPG
9,Hermiony,monkeys/macaque_targetphotos/Hermiony.JPG
10,Kuwait,monkeys/macaque_targetphotos/Kuwait_and_Guagua2.JPG
11,Kuwait,monkeys/macaque_targetphotos/Kuwait_and_Guagua_Luz_Guevara.JPG
12,Kuwait,monkeys/macaque_targetphotos/Kuwait.JPG
13,Kuwait,monkeys/macaque_targetphotos/Kuwait2.JPG
14,Lebron,monkeys/macaque_targetphotos/Lebron3.JPG
15,Lluvia,monkeys/macaque_targetphotos/Lluvia_DSC_0334.JPG
16,Lluvia,monkeys/macaque_targetphotos/Lluvia_Food_interest.JPG
17,NewYear,monkeys/macaque_targetphotos/NewYearDSC_0883.JPG
18,NewYear,monkeys/macaque_targetphotos/NewYearDSC_0885.JPG
19,NewYear,monkeys/macaque_targetphotos/NewYearDSC_0889.JPG
20,NewYear,monkeys/macaque_targetphotos/NewYearDSC_0890.JPG
21,NewYear,monkeys/macaque_targetphotos/NewYearDSC_0896.JPG
22,NewYear,monkeys/macaque_targetphotos/NewYearDSC_0912.JPG
23,Pipa,monkeys/macaque_targetphotos/PipaDSC_0827.JPG
24,Pipa,monkeys/macaque_targetphotos/PipaDSC_0919.JPG
25,Truman,monkeys/macaque_targetphotos/Truman_Kuwait_2.JPG
26,Truman,monkeys/macaque_targetphotos/TrumanNazare.JPG
27,AbuDhabi,monkeys/macaque_targetphotos/AbuDhabi_1.JPG
28,AbuDhabi,monkeys/macaque_targetphotos/AbuDhabi_2.JPG
29,AbuDhabi,monkeys/macaque_targetphotos/AbuDhabi_3.JPG
30,AbuDhabi,monkeys/macaque_targetphotos/AbuDhabi_5.JPG
31,Amsterdam,monkeys/macaque_targetphotos/Amsterdam_3.JPG
32,Bonobo,monkeys/macaque_targetphotos/Bonobo.JPG
33,Bonobo,monkeys/macaque_targetphotos/Bonobo_3.JPG
34,Bonobo,monkeys/macaque_targetphotos/Bonobo_baby.JPG
35,Eiffel,monkeys/macaque_targetphotos/Eiffel_10.JPG
36,Eiffel,monkeys/macaque_targetphotos/Eiffel2.JPG
37,Eiffel,monkeys/macaque_targetphotos/EiffelDSC_0375.JPG
38,Feliz,monkeys/macaque_targetphotos/FelizDSC2257.JPG
39,Frodo,monkeys/macaque_targetphotos/Frodo_6.JPG
40,Frodo,monkeys/macaque_targetphotos/Frodo_water_3.JPG
41,Hinhoi,monkeys/macaque_targetphotos/hinhoiDSC_0162.JPG
42,Hinhoi,monkeys/macaque_targetphotos/hinhoiDSC_0165.JPG
43,Hinhoi,monkeys/macaque_targetphotos/hinhoiDSC_0337.JPG
44,Hinhoi,monkeys/macaque_targetphotos/hinhoiDSC_0339.JPG
45,Lebron,monkeys/macaque_targetphotos/Lebron_8.JPG
46,Pastel,monkeys/macaque_targetphotos/Pastel.JPG
47,Pastel,monkeys/macaque_targetphotos/Pastel_1.JPG
48,Pastel,monkeys/macaque_targetphotos/PastelandNeneh_2.JPG
49,Pastel,monkeys/macaque_targetphotos/PastelandNeneh_3.JPG
50,Pastel,monkeys/macaque_targetphotos/pastelDSC_0353.JPG
51,Peru,monkeys/macaque_targetphotos/Peru_4.JPG
52,Peru,monkeys/macaque_targetphotos/Peru_7.JPG
53,Peru,monkeys/macaque_targetphotos/Peru_9.JPG
54,Peru,monkeys/macaque_targetphotos/Peru_Apisit.JPG
55,Wasabi,monkeys/macaque_targetphotos/Wasabi_2.JPG
56,Wasabi,monkeys/macaque_targetphotos/wasabi_bunchonumbers.JPG
57,Wasabi,monkeys/macaque_targetphotos/wasabiDSC_0886.JPG
58,Wasabi,monkeys/macaque_targetphotos/wasabiDSC_0926.JPG
59,Wasabi,monkeys/macaque_targetphotos/wasabiDSC_0949.JPG
60,Yolo,monkeys/macaque_targetphotos/yoloDSC_0363.JPG
61,Yolo,monkeys/macaque_targetphotos/yoloDSC_0535.JPG
62,Yolo,monkeys/macaque_targetphotos/yoloDSC_0633.JPG

